model,accuracy,precision,recall,f1_score
RandomForestClassifier,0.8527245949926362,0.8442543956904719,0.8527245949926362,0.8441293720676485
MLPClassifier,0.8217967599410898,0.8192855986050313,0.8217967599410898,0.8203568121764571
DecisionTreeClassifier,0.8159057437407953,0.8047783968226423,0.8159057437407953,0.8043555652959022
LogisticRegression,0.7658321060382917,0.743406597398446,0.7658321060382917,0.7484891335198914
