model,mae,mse,rmse,r2_score
LinearRegression,5.5453727030043044e-12,4.3486066488502025e-23,6.594396597756464e-12,1.0
Ridge,4.7175471160601307e-07,4.4184486328097895e-13,6.647141214695073e-07,1.0
RandomForestRegressor,407.31055554292703,452072.8921889582,672.3636606695503,0.9973335443374597
GradientBoostingRegressor,527.8576930564858,555367.3309226632,745.2297168810858,0.996724284092421
