cluster,jumlah_data,rata_rata_harga,rata_rata_fluktuasi,rata_rata_kenaikan,skor_risiko,label_cluster
0,24,34994.71713836478,2638.9934509399977,0.5159095202267258,4,Normal
1,16,46241.3958254717,4892.258439659528,0.31407654096240156,6,Waspada
2,24,16227.13158018868,1230.6200643154068,0.5035434647582234,2,Stabil
