komoditas,harga_rata_rata,harga_maksimum,jumlah_data
Cabai Rawit Merah,50137.348655660375,69321.15,424
Cabai Merah Keriting,42345.44299528302,57528.15,424
Daging Ayam Ras,39607.915731132074,49182.23,424
Bawang Merah,34298.37754716981,43071.12,424
Telur Ayam Ras,31077.858136792453,38346.13,424
Minyak Goreng,18195.956603773586,23086.4,424
Beras Premium,16582.578938679246,21080.91,424
Beras Medium,13902.859198113207,18232.28,424
