provinsi,harga_rata_rata,harga_maksimum,jumlah_data
Kalimantan Timur,32400.267783018866,69321.15,424
Sulawesi Selatan,31857.17287735849,65044.85,424
Sumatera Utara,31431.874693396225,64841.12,424
Banten,31085.305448113206,65250.84,424
Jawa Timur,30391.392617924528,66232.25,424
Jawa Tengah,30001.020849056604,62941.71,424
DKI Jakarta,29735.672429245282,61681.22,424
Jawa Barat,29245.631108490565,61109.36,424
